-,64,1518,-,-,64,1518,-,-,64,1518,-,-,64,1518,-,-,64,1518,-,-,-,64,1518,-,-,64,1518,-,-,64,1518,-,-,64,1518,-,-,64,1518,-,-,-,64,1518,-,-,64,1518,-,-,64,1518,-,-,64,1518,-,-,64,1518,-,-,-,64,1518,-,-,64,1518,-,-,64,1518,-,-,64,1518,-,-,64,1518
,13436.0,13507.0,,,11721,13001,,,12098,13107,,,12098,13001,,,11821,13107,,,,11265.0,12907,,,11721,13107,,,11821,13001,,,12098,13543,,,12987,14201,,,,11567,18293.0,,,14654.0,18876.0,,,14654.0,18876.0,,,11617.0,18876.0,,,11678.0,16879.0,,,,8051,16259,,,9635,13502,,,13564,10936,,,12440,17952,,,19160,19978
,3852.0,7288.0,,,3891.0,6761.0,,,4068.0,6989,,,4068.0,7461,,,5137.0,6989,,,,3852.0,7288.0,,,3891.0,11610.0,,,5137.0,6761.0,,,4068.0,6102.0,,,4028.0,6619.0,,,,4085,6923.0,,,4622.0,7529.0,,,4622.0,7555.0,,,4622.0,7555.0,,,5058.0,7529.0,,,,6369,7829,,,5782,8736,,,5912,6809,,,7049,9946,,,7744,10190
,3898.0,7308.0,,,3983.0,7001.0,,,4276.0,7201,,,4276.0,7551,,,5163.0,7201,,,,3898.0,7308.0,,,3983.0,7001.0,,,5163.0,7001.0,,,4276.0,6761.0,,,4054.0,6761.0,,,,4198,7158.0,,,5058.0,7529.0,,,5058.0,7614.0,,,5058.0,7614.0,,,5058.0,7529.0,,,,5821,8070,,,5912,7947,,,6943,7168,,,7166,9705,,,7399,9303
,3898.0,7314.0,,,4087.0,7132.0,,,5443.0,7366.0,,,5443.0,7551,,,5261.0,7366.0,,,,3898.0,7314.0,,,4087.0,7132.0,,,5261.0,7132.0,,,5443.0,7001.0,,,4113.0,7001.0,,,,4085,7177.0,,,5058.0,7555.0,,,5058.0,7621.0,,,5058.0,7621.0,,,5058.0,7555.0,,,,5684,8233,,,6154,9023,,,7040,6776,,,7101,9568,,,7255,10098
,3898.0,7353.0,,,4922.0,7281,,,5450.0,7366.0,,,5450.0,7551,,,5274.0,7366.0,,,,3898.0,7353.0,,,4922.0,7151.0,,,5274.0,7281,,,5450.0,7132.0,,,4113.0,7132.0,,,,4285,7229.0,,,5085.0,7660.0,,,5085.0,7621.0,,,5085.0,7621.0,,,5085.0,7660.0,,,,5782,8501,,,6010,8475,,,7197,6868,,,7212,8838,,,7529,9564
,3905.0,7360.0,,,4980.0,7151.0,,,5476.0,7497.0,,,5476.0,7551,,,5293.0,7497.0,,,,3905.0,7360.0,,,4980.0,7151.0,,,5293.0,7151.0,,,5476.0,7281,,,4126.0,7281,,,,4235,7321.0,,,5091.0,7875.0,,,5091.0,7660.0,,,5091.0,7660.0,,,5091.0,7875.0,,,,6225,9022,,,5971,7601,,,7282,6816,,,6964,10044,,,7099,9701
,3905.0,7373.0,,,5104.0,7164.0,,,5508.0,7783.0,,,5508.0,7551,,,5319.0,7783.0,,,,3905.0,7373.0,,,5104.0,7164.0,,,5319.0,7164.0,,,5508.0,7151.0,,,4165.0,7151.0,,,,4356,7438.0,,,5143.0,7920.0,,,5143.0,7718.0,,,5143.0,7718.0,,,5143.0,7920.0,,,,5873,7255,,,6265,7869,,,6969,7096,,,6684,9646,,,6388,9955
,3905.0,7373.0,,,5221.0,7566,,,5528.0,7783.0,,,5528.0,7836.0,,,5319.0,7783.0,,,,3905.0,7373.0,,,5221.0,7366.0,,,5319.0,7566,,,5528.0,7164.0,,,4191.0,7164.0,,,,4456,7444.0,,,5189.0,8083.0,,,5189.0,7810.0,,,5189.0,7810.0,,,5189.0,8083.0,,,,6597,7986,,,6036,8279,,,7412,7318,,,6703,9496,,,7040,10313
,3911.0,7379.0,,,5248.0,7598.0,,,5534.0,7816.0,,,5534.0,7836.0,,,5345.0,7816.0,,,,3911.0,7379.0,,,5248.0,7405.0,,,5345.0,7598.0,,,5534.0,7566,,,4237.0,7566,,,,4657,7471.0,,,5254.0,8122.0,,,5254.0,7875.0,,,5254.0,7875.0,,,5254.0,8122.0,,,,5476,8077,,,6793,8988,,,6975,6607,,,6749,9392,,,7288,9740
,3918.0,7386.0,,,5326.0,7405.0,,,5541.0,7836.0,,,5541.0,7868.0,,,5358.0,7836.0,,,,3918.0,7386.0,,,5326.0,7405.0,,,5358.0,7405.0,,,5541.0,7598.0,,,4302.0,7598.0,,,,4765,7510.0,,,5319.0,8201.0,,,5319.0,7881.0,,,5319.0,7881.0,,,5319.0,8201.0,,,,5710,8064,,,6154,9060,,,6995,6809,,,7153,9405,,,7268,9590
,3924.0,7386.0,,,5345.0,7464.0,,,5567.0,7836.0,,,5567.0,7875.0,,,5397.0,7836.0,,,,3924.0,7386.0,,,5345.0,7464.0,,,5397.0,7464.0,,,5567.0,7405.0,,,4341.0,7405.0,,,,4897,7575.0,,,5404.0,8201.0,,,5404.0,8064.0,,,5404.0,8064.0,,,5404.0,8201.0,,,,5704,7197,,,6480,8727,,,6623,6998,,,6984,9548,,,7282,9818
,3924.0,7386.0,,,5352.0,7477.0,,,5573.0,7868.0,,,5573.0,7987.0,,,5437.0,7868.0,,,,3924.0,7386.0,,,5352.0,7477.0,,,5437.0,7477.0,,,5573.0,7464.0,,,4661.0,7464.0,,,,4908,7588.0,,,5430.0,8214.0,,,5430.0,8142.0,,,5430.0,8142.0,,,5430.0,8214.0,,,,5626,8259,,,6271,8792,,,6962,6763,,,7316,8349,,,7568,10181
,3931.0,7386.0,,,5352.0,7565.0,,,5606.0,7797.0,,,5606.0,7920.0,,,5437.0,7797.0,,,,3931.0,7386.0,,,5352.0,7497.0,,,5437.0,7565.0,,,5606.0,7477.0,,,5124.0,7477.0,,,,4356,7679.0,,,5443.0,8285.0,,,5443.0,8162.0,,,5443.0,8162.0,,,5443.0,8285.0,,,,5554,7229,,,5926,9144,,,7066,6737,,,7023,8518,,,7764,10546
,3931.0,7386.0,,,5358.0,7783.0,,,5613.0,7783.0,,,5613.0,7927.0,,,5560.0,7783.0,,,,3931.0,7386.0,,,5358.0,7783.0,,,5560.0,7783.0,,,5613.0,7565.0,,,5150.0,7565.0,,,,4456,7738.0,,,5450.0,8292.0,,,5450.0,8214.0,,,5450.0,8214.0,,,5450.0,8292.0,,,,5952,8292,,,6017,7723,,,7334,6718,,,6834,9405,,,7575,9783
,3931.0,7392.0,,,5358.0,7783.0,,,5626.0,7783.0,,,5626.0,7992.0,,,5639.0,7783.0,,,,3931.0,7392.0,,,5358.0,7783.0,,,5639.0,7783.0,,,5626.0,7783.0,,,5254.0,7783.0,,,,4657,7777.0,,,5489.0,8351.0,,,5489.0,8240.0,,,5489.0,8240.0,,,5489.0,8351.0,,,,5802,7673,,,5045,8220,,,6414,6972,,,6808,9535,,,6975,10220
,3931.0,7392.0,,,5358.0,7890.0,,,5632.0,7816.0,,,5632.0,7890.0,,,5652.0,7816.0,,,,3931.0,7392.0,,,5358.0,7816.0,,,5652.0,7890.0,,,5632.0,7783.0,,,5332.0,7783.0,,,,4765,7783.0,,,5534.0,8351.0,,,5534.0,8279.0,,,5534.0,8279.0,,,5534.0,8351.0,,,,5006,7881,,,5919,7321,,,6858,6672,,,6853,9470,,,6864,9542
,3937.0,7399.0,,,5378.0,7836.0,,,5652.0,7836.0,,,5652.0,7836.0,,,5652.0,7836.0,,,,3937.0,7399.0,,,5378.0,7836.0,,,5652.0,7836.0,,,5652.0,7890.0,,,5352.0,7890.0,,,,4897,7836.0,,,5554.0,8396.0,,,5554.0,8422.0,,,5554.0,8422.0,,,5554.0,8396.0,,,,5828,8025,,,6199,8038,,,6780,6672,,,7225,10422,,,7490,10135
,3937.0,7405.0,,,5378.0,7836.0,,,5671.0,7836.0,,,5671.0,7836.0,,,5691.0,7836.0,,,,3937.0,7405.0,,,5378.0,7836.0,,,5691.0,7836.0,,,5671.0,7836.0,,,5397.0,7836.0,,,,4908,7842.0,,,5736.0,8416.0,,,5736.0,8429.0,,,5736.0,8429.0,,,5736.0,8416.0,,,,6095,8448,,,6134,7334,,,7458,6763,,,7016,9385,,,7021,9907
,3937.0,7405.0,,,5443.0,7868.0,,,5678.0,7868.0,,,5678.0,7868.0,,,5723.0,7868.0,,,,3937.0,7405.0,,,5443.0,7868.0,,,5723.0,7868.0,,,5678.0,7836.0,,,5437.0,7836.0,,,,4356,7862.0,,,5743.0,8416.0,,,5743.0,8429.0,,,5743.0,8429.0,,,5743.0,8416.0,,,,4315,8422,,,6212,8051,,,7171,7024,,,6899,8844,,,7242,10005
,3944.0,7405.0,,,5443.0,7875.0,,,5743.0,7875.0,,,5743.0,7875.0,,,5743.0,7875.0,,,,3944.0,7405.0,,,5443.0,7875.0,,,5743.0,7875.0,,,5743.0,7868.0,,,5508.0,7868.0,,,,4456,7862.0,,,5776.0,8429.0,,,5776.0,8442.0,,,5776.0,8442.0,,,5776.0,8429.0,,,,5828,9694,,,6036,7308,,,6688,6750,,,6893,9385,,,7119,8572
,3944.0,7412.0,,,5450.0,7987.0,,,5769.0,7888.0,,,5769.0,7987.0,,,5769.0,7888.0,,,,3944.0,7412.0,,,5450.0,7888.0,,,5769.0,7987.0,,,5769.0,7875.0,,,5534.0,7875.0,,,,4657,7868.0,,,5782.0,8442.0,,,5782.0,8455.0,,,5782.0,8455.0,,,5782.0,8442.0,,,,5450,8012,,,5899,7862,,,7490,8067,,,6977,9607,,,7816,9165
,3944.0,7418.0,,,5521.0,7920.0,,,5769.0,7920.0,,,5769.0,7920.0,,,5769.0,7920.0,,,,3944.0,7418.0,,,5521.0,7920.0,,,5769.0,7920.0,,,5769.0,7987.0,,,5606.0,7987.0,,,,4765,7907.0,,,5795.0,8501.0,,,5795.0,8475.0,,,5795.0,8475.0,,,5795.0,8501.0,,,,4615,7607,,,5971,8396,,,7223,7481,,,7134,8309,,,7940,9491
,3950.0,7418.0,,,5534.0,7927.0,,,5789.0,7927.0,,,5789.0,7927.0,,,5769.0,7927.0,,,,3950.0,7418.0,,,5534.0,7927.0,,,5769.0,7927.0,,,5789.0,7920.0,,,5684.0,7920.0,,,,4897,7907.0,,,5795.0,8507.0,,,5795.0,8527.0,,,5795.0,8527.0,,,5795.0,8507.0,,,,5736,7236,,,6154,9101,,,6962,7565,,,7003,8187,,,7229,8742
,3950.0,7425.0,,,5678.0,7992.0,,,5789.0,7992.0,,,5789.0,7992.0,,,5795.0,7992.0,,,,3950.0,7425.0,,,5678.0,7992.0,,,5795.0,7992.0,,,5789.0,7927.0,,,5691.0,7927.0,,,,4908,7966.0,,,5795.0,8533.0,,,5795.0,8527.0,,,5795.0,8527.0,,,5795.0,8533.0,,,,5756,8116,,,6036,7373,,,7177,6835,,,6697,8285,,,8285,8299
,3957.0,7425.0,,,5684.0,8005.0,,,5821.0,8005.0,,,5821.0,8005.0,,,5802.0,8005.0,,,,3957.0,7425.0,,,5684.0,8005.0,,,5802.0,8005.0,,,5821.0,7992.0,,,5697.0,7992.0,,,,4356,7986.0,,,5834.0,8566.0,,,5834.0,8677.0,,,5834.0,8677.0,,,5834.0,8566.0,,,,5736,8005,,,6075,8553,,,7829,7761,,,7049,8031,,,8077,8272
,3963.0,7425.0,,,5697.0,8064.0,,,5821.0,8064.0,,,5821.0,8064.0,,,5802.0,8064.0,,,,3963.0,7425.0,,,5697.0,8064.0,,,5802.0,8064.0,,,5821.0,8005.0,,,5704.0,8005.0,,,,4456,8012.0,,,5847.0,8605.0,,,5847.0,8690.0,,,5847.0,8690.0,,,5847.0,8605.0,,,,5606,8540,,,6180,8351,,,6388,6803,,,6788,8298,,,8070,9748
,3970.0,7431.0,,,5717.0,8103.0,,,5821.0,8103.0,,,5821.0,8103.0,,,5815.0,8103.0,,,,3970.0,7431.0,,,5717.0,8103.0,,,5815.0,8103.0,,,5821.0,8064.0,,,5730.0,8064.0,,,,4657,8018.0,,,5860.0,8774.0,,,5860.0,8696.0,,,5860.0,8696.0,,,5860.0,8774.0,,,,5769,7718,,,6447,8260,,,6721,7562,,,7192,7887,,,7770,10549
,3970.0,7438.0,,,5795.0,8129.0,,,5841.0,8129.0,,,5841.0,8129.0,,,5821.0,8129.0,,,,3970.0,7438.0,,,5795.0,8129.0,,,5821.0,8129.0,,,5841.0,8103.0,,,5795.0,8103.0,,,,4765,8031.0,,,5873.0,8781.0,,,5873.0,8722.0,,,5873.0,8722.0,,,5873.0,8781.0,,,,5032,8109,,,6017,8116,,,5547,7425,,,7160,8344,,,7614,9656
,3970.0,7438.0,,,5828.0,8155.0,,,5847.0,8155.0,,,5847.0,8155.0,,,5841.0,8155.0,,,,3970.0,7438.0,,,5828.0,8155.0,,,5841.0,8155.0,,,5847.0,8129.0,,,5834.0,8129.0,,,,4897,8077.0,,,5912.0,8898.0,,,5912.0,8748.0,,,5912.0,8748.0,,,5912.0,8898.0,,,,4628,8070,,,6036,7914,,,7588,7288,,,6134,8657,,,7516,9604
,3983.0,7438.0,,,5828.0,8201.0,,,5847.0,8201.0,,,5847.0,8201.0,,,5847.0,8201.0,,,,3983.0,7438.0,,,5828.0,8201.0,,,5847.0,8201.0,,,5847.0,8155.0,,,5880.0,8155.0,,,,4908,8083.0,,,5912.0,8924.0,,,5912.0,8924.0,,,5912.0,8924.0,,,5912.0,8924.0,,,,4648,8344,,,5032,7888,,,7314,7456,,,6329,8031,,,7712,9663
,3989.0,7438.0,,,5860.0,8201.0,,,5867.0,8559.0,,,5867.0,8201.0,,,5847.0,8559.0,,,,3989.0,7438.0,,,5860.0,8201.0,,,5847.0,8201.0,,,5867.0,8201.0,,,5958.0,8201.0,,,,5958.0,8096.0,,,5958.0,8937.0,,,5958.0,8931.0,,,5958.0,8931.0,,,5958.0,8937.0,,,,5065,8096,,,6095,7914,,,6910,7756,,,6551,8696,,,7458,8757
,3989.0,7444.0,,,5886.0,8227.0,,,5939.0,8605.0,,,5939.0,8227.0,,,5854.0,8605.0,,,,3989.0,7444.0,,,5886.0,8227.0,,,5854.0,8227.0,,,5939.0,8201.0,,,5978.0,8201.0,,,,5984.0,8122.0,,,5984.0,8937.0,,,5984.0,8957.0,,,5984.0,8957.0,,,5984.0,8937.0,,,,5443,8038,,,5000,8090,,,7282,7821,,,6851,8687,,,7549,10354
,3989.0,7444.0,,,5906.0,8253.0,,,5952.0,8618.0,,,5952.0,8253.0,,,5965.0,8618.0,,,,3989.0,7444.0,,,5906.0,8253.0,,,5965.0,8253.0,,,5952.0,8227.0,,,6004.0,8227.0,,,,5991.0,8142.0,,,5991.0,8983.0,,,5991.0,8963.0,,,5991.0,8963.0,,,5991.0,8983.0,,,,5782,8605,,,4732,8051,,,7053,7749,,,6936,8935,,,8175,10797
,3996.0,7444.0,,,5945.0,8312.0,,,5958.0,8937.0,,,5958.0,8312.0,,,5984.0,8937.0,,,,3996.0,7444.0,,,5945.0,8312.0,,,5984.0,8312.0,,,5958.0,8253.0,,,6017.0,8253.0,,,,6010.0,8312.0,,,6010.0,8983.0,,,6010.0,9042.0,,,6010.0,9042.0,,,6010.0,8983.0,,,,6043,7542,,,5912,7797,,,7444,7404,,,6545,8772,,,7477,9630
,3996.0,7451.0,,,5984.0,8364.0,,,6010.0,8364.0,,,6010.0,8364.0,,,6056.0,8364.0,,,,3996.0,7451.0,,,5984.0,8364.0,,,6056.0,8364.0,,,6010.0,8312.0,,,6069.0,8312.0,,,,6108.0,8364.0,,,6108.0,9029.0,,,6108.0,9348.0,,,6108.0,9348.0,,,6108.0,9029.0,,,,5847,7138,,,5071,7132,,,6851,7723,,,6551,8531,,,7471,9604
,3996.0,7451.0,,,6023.0,8559.0,,,6030.0,8559.0,,,6030.0,8559.0,,,6206.0,8559.0,,,,3996.0,7451.0,,,6023.0,8559.0,,,6206.0,8559.0,,,6030.0,8364.0,,,6075.0,8364.0,,,,6115.0,8553.0,,,6115.0,9113.0,,,6115.0,,,,6115.0,,,,6115.0,9113.0,,,,5821,7842,,,5997,8194,,,6949,8192,,,6069,8570,,,7581,9487
,4002.0,7458.0,,,6545.0,8605.0,,,6036.0,8605.0,,,6036.0,8605.0,,,6278.0,8605.0,,,,4002.0,7458.0,,,6545.0,8605.0,,,6278.0,8605.0,,,6036.0,8559.0,,,6082.0,8559.0,,,,6147.0,8585.0,,,6147.0,9172.0,,,6147.0,,,,6147.0,,,,6147.0,9172.0,,,,5782,8103,,,5997,8181,,,6975,7423,,,6792,9000,,,7171,10237
,4009.0,7464.0,,,6708.0,8618.0,,,6075.0,8618.0,,,6075.0,8618.0,,,6278.0,8618.0,,,,4009.0,7464.0,,,6708.0,8618.0,,,6278.0,8618.0,,,6075.0,8605.0,,,6147.0,8605.0,,,,6245.0,8605.0,,,6245.0,9407.0,,,6245.0,,,,6245.0,,,,6245.0,9407.0,,,,6088,8109,,,4485,7999,,,6038,7358,,,6434,8329,,,7542,9500
,4009.0,7464.0,,,7888.0,8937.0,,,6297.0,8937.0,,,6297.0,8937.0,,,6714.0,8937.0,,,,4009.0,7464.0,,,7888.0,8937.0,,,6714.0,8937.0,,,6297.0,8618.0,,,6590.0,8618.0,,,,6727.0,8950.0,,,6727.0,9420.0,,,6727.0,,,,6727.0,,,,6727.0,9420.0,,,,5763,7725,,,6310,8299,,,4409,7697,,,6193,8544,,,7255,9715
,4015.0,7471.0,,,8409.0,9472.0,,,8409.0,9472.0,,,8409.0,9472.0,,,8409.0,9472.0,,,,4015.0,7471.0,,,8409.0,9472.0,,,8409.0,9472.0,,,8409.0,9472.0,,,,9472.0,,,,6876.0,9778.0,,,7855.0,9791.0,,,7855.0,,,,7855.0,,,,7855.0,9791.0,,,,5560,8618,,,5932,7797,,,4422,7397,,,6206,8478,,,7744,9845
,4022.0,7471.0,,,,,,,,,,,,,,,,,,,,4022.0,7471.0,,,,,,,,,,,,,,,,,,,,,,,,,,,,,,,,,,,,,,,,,4609,8044,,,7034,7973,,,6006,7847,,,6140,8674,,,7099,9741
,4022.0,7477.0,,,,,,,,,,,,,,,,,,,,4022.0,7477.0,,,,,,,,,,,,,,,,,,,,,,,,,,,,,,,,,,,,,,,,,4583,7477,,,5919,5654,,,6117,6729,,,6682,8485,,,7034,10862
,4028.0,7497.0,,,,,,,,,,,,,,,,,,,,4028.0,7497.0,,,,,,,,,,,,,,,,,,,,,,,,,,,,,,,,,,,,,,,,,5795,7718,,,5776,6364,,,5752,7016,,,6290,7820,,,7295,9246
,4028.0,7510.0,,,,,,,,,,,,,,,,,,,,4028.0,7510.0,,,,,,,,,,,,,,,,,,,,,,,,,,,,,,,,,,,,,,,,,5795,8442,,,5919,6749,,,5967,7068,,,6088,8681,,,6747,9167
,4028.0,7516.0,,,,,,,,,,,,,,,,,,,,4028.0,7516.0,,,,,,,,,,,,,,,,,,,,,,,,,,,,,,,,,,,,,,,,,5886,8018,,,5873,6736,,,4343,6169,,,6356,8778,,,7268,9539
,4028.0,7523.0,,,,,,,,,,,,,,,,,,,,4028.0,7523.0,,,,,,,,,,,,,,,,,,,,,,,,,,,,,,,,,,,,,,,,,5704,9257,,,6128,6597,,,4774,6828,,,6460,9059,,,7497,9009
,4035.0,7529.0,,,,,,,,,,,,,,,,,,,,4035.0,7529.0,,,,,,,,,,,,,,,,,,,,,,,,,,,,,,,,,,,,,,,,,5495,8031,,,6154,7023,,,5869,6906,,,5123,8472,,,7001,7484
,4041.0,7536.0,,,,,,,,,,,,,,,,,,,,4041.0,7536.0,,,,,,,,,,,,,,,,,,,,,,,,,,,,,,,,,,,,,,,,,5456,7699,,,6036,6886,,,4285,6228,,,6364,8772,,,7119,8911
,4041.0,7542.0,,,,,,,,,,,,,,,,,,,,4041.0,7542.0,,,,,,,,,,,,,,,,,,,,,,,,,,,,,,,,,,,,,,,,,5508,7946,,,5965,6827,,,4317,6371,,,5868,9482,,,7112,8227
,4048.0,7542.0,,,,,,,,,,,,,,,,,,,,4048.0,7542.0,,,,,,,,,,,,,,,,,,,,,,,,,,,,,,,,,,,,,,,,,6154,8735,,,5945,6482,,,6606,6104,,,5568,8980,,,6890,8481
,4048.0,7549.0,,,,,,,,,,,,,,,,,,,,4048.0,7549.0,,,,,,,,,,,,,,,,,,,,,,,,,,,,,,,,,,,,,,,,,5704,7725,,,4752,6377,,,6397,6560,,,6885,8785,,,7105,7542
,4068.0,7555.0,,,,,,,,,,,,,,,,,,,,4068.0,7555.0,,,,,,,,,,,,,,,,,,,,,,,,,,,,,,,,,,,,,,,,,5645,8690,,,5971,6449,,,6221,6143,,,7055,8726,,,7216,8305
,4068.0,7555.0,,,,,,,,,,,,,,,,,,,,4068.0,7555.0,,,,,,,,,,,,,,,,,,,,,,,,,,,,,,,,,,,,,,,,,5802,7653,,,5886,6905,,,5947,6261,,,6436,8048,,,7190,8435
,4074.0,7562.0,,,,,,,,,,,,,,,,,,,,4074.0,7562.0,,,,,,,,,,,,,,,,,,,,,,,,,,,,,,,,,,,,,,,,,5952,7960,,,5847,6827,,,4989,6091,,,6220,8733,,,7542,8618
,4074.0,7568.0,,,,,,,,,,,,,,,,,,,,4074.0,7568.0,,,,,,,,,,,,,,,,,,,,,,,,,,,,,,,,,,,,,,,,,6147,7803,,,4850,8508,,,5849,7819,,,6592,9124,,,7177,8540
,4081.0,7575.0,,,,,,,,,,,,,,,,,,,,4081.0,7575.0,,,,,,,,,,,,,,,,,,,,,,,,,,,,,,,,,,,,,,,,,5815,8299,,,6128,8892,,,5758,6137,,,6455,8837,,,6688,8129
,4081.0,7581.0,,,,,,,,,,,,,,,,,,,,4081.0,7581.0,,,,,,,,,,,,,,,,,,,,,,,,,,,,,,,,,,,,,,,,,5815,7699,,,5952,8853,,,5686,9666,,,6970,8505,,,6760,8611
,4087.0,7588.0,,,,,,,,,,,,,,,,,,,,4087.0,7588.0,,,,,,,,,,,,,,,,,,,,,,,,,,,,,,,,,,,,,,,,,5606,7471,,,5997,8514,,,4656,9470,,,6416,7894,,,6538,8240
,4087.0,7594.0,,,,,,,,,,,,,,,,,,,,4087.0,7594.0,,,,,,,,,,,,,,,,,,,,,,,,,,,,,,,,,,,,,,,,,5880,7751,,,6212,8853,,,5660,8903,,,4917,7725,,,7066,8722
,4094.0,7601.0,,,,,,,,,,,,,,,,,,,,4094.0,7601.0,,,,,,,,,,,,,,,,,,,,,,,,,,,,,,,,,,,,,,,,,4485,8272,,,5554,7575,,,4376,8134,,,6194,8429,,,7151,8220
,4100.0,7607.0,,,,,,,,,,,,,,,,,,,,4100.0,7607.0,,,,,,,,,,,,,,,,,,,,,,,,,,,,,,,,,,,,,,,,,5763,7692,,,6088,7882,,,5960,8669,,,7127,8618,,,7653,8931
,4100.0,7607.0,,,,,,,,,,,,,,,,,,,,4100.0,7607.0,,,,,,,,,,,,,,,,,,,,,,,,,,,,,,,,,,,,,,,,,5978,8507,,,5906,7504,,,4741,8558,,,7014,8162,,,7321,8872
,4100.0,7607.0,,,,,,,,,,,,,,,,,,,,4100.0,7607.0,,,,,,,,,,,,,,,,,,,,,,,,,,,,,,,,,,,,,,,,,5717,7705,,,6160,7758,,,6449,8336,,,6688,8175,,,7145,7877
,4100.0,7614.0,,,,,,,,,,,,,,,,,,,,4100.0,7614.0,,,,,,,,,,,,,,,,,,,,,,,,,,,,,,,,,,,,,,,,,5006,7686,,,6004,8208,,,4285,8108,,,6975,7692,,,8096,7849
,4100.0,7621.0,,,,,,,,,,,,,,,,,,,,4100.0,7621.0,,,,,,,,,,,,,,,,,,,,,,,,,,,,,,,,,,,,,,,,,5926,8585,,,6532,8501,,,5771,8043,,,7692,8950,,,8396,9452
,4100.0,7640.0,,,,,,,,,,,,,,,,,,,,4100.0,7640.0,,,,,,,,,,,,,,,,,,,,,,,,,,,,,,,,,,,,,,,,,4863,7920,,,6030,8586,,,6051,7965,,,7686,8312,,,7588,8207
,4107.0,7640.0,,,,,,,,,,,,,,,,,,,,4107.0,7640.0,,,,,,,,,,,,,,,,,,,,,,,,,,,,,,,,,,,,,,,,,5749,8116,,,6232,8371,,,5954,8284,,,7444,7966,,,7770,7744
,4107.0,7647.0,,,,,,,,,,,,,,,,,,,,4107.0,7647.0,,,,,,,,,,,,,,,,,,,,,,,,,,,,,,,,,,,,,,,,,5730,7308,,,6004,7582,,,5817,9379,,,7053,7881,,,7542,8585
,4107.0,7653.0,,,,,,,,,,,,,,,,,,,,4107.0,7653.0,,,,,,,,,,,,,,,,,,,,,,,,,,,,,,,,,,,,,,,,,5841,8259,,,5997,7888,,,4513,9060,,,6988,8331,,,7360,8364
,4113.0,7673.0,,,,,,,,,,,,,,,,,,,,4113.0,7673.0,,,,,,,,,,,,,,,,,,,,,,,,,,,,,,,,,,,,,,,,,6056,8716,,,5541,8221,,,5908,8004,,,7073,9048,,,7301,8299
,4120.0,7673.0,,,,,,,,,,,,,,,,,,,,4120.0,7673.0,,,,,,,,,,,,,,,,,,,,,,,,,,,,,,,,,,,,,,,,,5782,8155,,,6141,7901,,,5973,8271,,,8051,8272,,,7823,7536
,4126.0,7679.0,,,,,,,,,,,,,,,,,,,,4126.0,7679.0,,,,,,,,,,,,,,,,,,,,,,,,,,,,,,,,,,,,,,,,,6232,8690,,,5945,8247,,,5986,8121,,,7568,8233,,,6727,8527
,4133.0,7679.0,,,,,,,,,,,,,,,,,,,,4133.0,7679.0,,,,,,,,,,,,,,,,,,,,,,,,,,,,,,,,,,,,,,,,,5704,8012,,,6265,8116,,,4383,8603,,,6988,8638,,,7079,8155
,4146.0,7686.0,,,,,,,,,,,,,,,,,,,,4146.0,7686.0,,,,,,,,,,,,,,,,,,,,,,,,,,,,,,,,,,,,,,,,,5945,7405,,,6049,8292,,,6214,7775,,,7014,8892,,,7529,8083
,4152.0,7699.0,,,,,,,,,,,,,,,,,,,,4152.0,7699.0,,,,,,,,,,,,,,,,,,,,,,,,,,,,,,,,,,,,,,,,,5932,8168,,,4811,8192,,,6019,8955,,,6838,8572,,,7040,8312
,4159.0,7712.0,,,,,,,,,,,,,,,,,,,,4159.0,7712.0,,,,,,,,,,,,,,,,,,,,,,,,,,,,,,,,,,,,,,,,,4967,7999,,,5939,8812,,,5908,8908,,,6923,8507,,,7236,9257
,4165.0,7718.0,,,,,,,,,,,,,,,,,,,,4165.0,7718.0,,,,,,,,,,,,,,,,,,,,,,,,,,,,,,,,,,,,,,,,,5306,8611,,,6030,8982,,,4409,8360,,,6975,8292,,,7014,8644
,4172.0,7731.0,,,,,,,,,,,,,,,,,,,,4172.0,7731.0,,,,,,,,,,,,,,,,,,,,,,,,,,,,,,,,,,,,,,,,,6115,8396,,,5958,8792,,,4702,9143,,,7236,8025,,,7451,8201
,4172.0,7751.0,,,,,,,,,,,,,,,,,,,,4172.0,7751.0,,,,,,,,,,,,,,,,,,,,,,,,,,,,,,,,,,,,,,,,,4328,8351,,,6082,8271,,,4428,9019,,,6721,7503,,,7099,8279
,4178.0,7757.0,,,,,,,,,,,,,,,,,,,,4178.0,7757.0,,,,,,,,,,,,,,,,,,,,,,,,,,,,,,,,,,,,,,,,,5652,7314,,,6036,7978,,,5628,9847,,,6962,8807,,,7510,8031
,4185.0,7764.0,,,,,,,,,,,,,,,,,,,,4185.0,7764.0,,,,,,,,,,,,,,,,,,,,,,,,,,,,,,,,,,,,,,,,,5639,8377,,,6004,8082,,,5615,9227,,,6688,9061,,,7053,8109
,4191.0,7790.0,,,,,,,,,,,,,,,,,,,,4191.0,7790.0,,,,,,,,,,,,,,,,,,,,,,,,,,,,,,,,,,,,,,,,,6082,8305,,,5899,8108,,,4976,9145,,,7229,8559,,,6801,8527
,4211.0,7790.0,,,,,,,,,,,,,,,,,,,,4211.0,7790.0,,,,,,,,,,,,,,,,,,,,,,,,,,,,,,,,,,,,,,,,,5802,8514,,,6134,8486,,,6045,8512,,,6825,8272,,,6918,8188
,4237.0,7803.0,,,,,,,,,,,,,,,,,,,,4237.0,7803.0,,,,,,,,,,,,,,,,,,,,,,,,,,,,,,,,,,,,,,,,,4589,8937,,,5860,8134,,,5821,9256,,,6799,8109,,,6697,7953
,4244.0,7862.0,,,,,,,,,,,,,,,,,,,,4244.0,7862.0,,,,,,,,,,,,,,,,,,,,,,,,,,,,,,,,,,,,,,,,,5880,8461,,,6102,7175,,,7060,9327,,,7001,8657,,,6671,8585
,4257.0,7862.0,,,,,,,,,,,,,,,,,,,,4257.0,7862.0,,,,,,,,,,,,,,,,,,,,,,,,,,,,,,,,,,,,,,,,,5495,7510,,,5958,7905,,,7079,8682,,,6551,8409,,,6312,8442
,4270.0,7868.0,,,,,,,,,,,,,,,,,,,,4270.0,7868.0,,,,,,,,,,,,,,,,,,,,,,,,,,,,,,,,,,,,,,,,,5860,8285,,,4902,7345,,,6851,7652,,,7275,8077,,,6944,9081
,4283.0,7894.0,,,,,,,,,,,,,,,,,,,,4283.0,7894.0,,,,,,,,,,,,,,,,,,,,,,,,,,,,,,,,,,,,,,,,,5639,7699,,,4563,7964,,,6982,9490,,,6682,7973,,,6443,8325
,4302.0,7914.0,,,,,,,,,,,,,,,,,,,,4302.0,7914.0,,,,,,,,,,,,,,,,,,,,,,,,,,,,,,,,,,,,,,,,,5795,7960,,,5795,8055,,,7770,8649,,,6656,7379,,,7153,8162
,4465.0,7946.0,,,,,,,,,,,,,,,,,,,,4465.0,7946.0,,,,,,,,,,,,,,,,,,,,,,,,,,,,,,,,,,,,,,,,,6147,8044,,,5482,7078,,,6317,7841,,,6753,8651,,,6684,8175
,4693.0,8025.0,,,,,,,,,,,,,,,,,,,,4693.0,8025.0,,,,,,,,,,,,,,,,,,,,,,,,,,,,,,,,,,,,,,,,,5736,8168,,,6160,7129,,,6903,8506,,,7112,8214,,,6123,8520
,4693.0,8051.0,,,,,,,,,,,,,,,,,,,,4693.0,8051.0,,,,,,,,,,,,,,,,,,,,,,,,,,,,,,,,,,,,,,,,,4341,7242,,,5926,7325,,,6317,8692,,,6793,8598,,,6677,8553
,4759.0,8396.0,,,,,,,,,,,,,,,,,,,,4759.0,8396.0,,,,,,,,,,,,,,,,,,,,,,,,,,,,,,,,,,,,,,,,,5437,8755,,,6056,7436,,,5216,7323,,,6923,7412,,,6208,8279
,4804.0,8409.0,,,,,,,,,,,,,,,,,,,,4804.0,8409.0,,,,,,,,,,,,,,,,,,,,,,,,,,,,,,,,,,,,,,,,,5606,8383,,,6010,6569,,,6858,8249,,,6786,8820,,,6749,8305
,5684.0,8572.0,,,,,,,,,,,,,,,,,,,,5684.0,8572.0,,,,,,,,,,,,,,,,,,,,,,,,,,,,,,,,,,,,,,,,,5489,7249,,,5736,6869,,,6956,8253,,,7236,8729,,,6658,8416
,6069.0,8800.0,,,,,,,,,,,,,,,,,,,,6069.0,8800.0,,,,,,,,,,,,,,,,,,,,,,,,,,,,,,,,,,,,,,,,,5691,7836,,,6088,6680,,,6929,6916,,,7660,8129,,,6710,7953
,,8820.0,,,,,,,,,,,,,,,,,,,,,8820.0,,,,,,,,,,,,,,,,,,,,,,,,,,,,,,,,,,,,,,,,,5736,8044,,,5476,7638,,,7288,7203,,,7666,7960,,,6977,9094
,,9153.0,,,,,,,,,,,,,,,,,,,,,9153.0,,,,,,,,,,,,,,,,,,,,,,,,,,,,,,,,,,,,,,,,,4654,8442,,,5984,6934,,,7353,6375,,,6936,7770,,,6410,8194
,,9211.0,,,,,,,,,,,,,,,,,,,,,9211.0,,,,,,,,,,,,,,,,,,,,,,,,,,,,,,,,,,,,,,,,,5860,8188,,,6154,6843,,,7125,6701,,,7203,8448,,,7042,7918
,,9537.0,,,,,,,,,,,,,,,,,,,,,9537.0,,,,,,,,,,,,,,,,,,,,,,,,,,,,,,,,,,,,,,,,,4589,7973,,,4948,7266,,,7151,7334,,,6571,8455,,,6534,9003
